turbine_id,lon,lat,x_km,y_km,point_role,commission_year,first_quarter,first_status
40,-2.604852,47.155237,-222.371,5249.321,substation,,2021Q3,offshore wind farm substation
81,-2.205789,47.056257,-188.304,5238.303,substation,,2016Q1,offshore wind farm substation
82,-2.53566,46.899317,-216.464,5220.832,substation,,2024Q3,offshore wind farm substation
84,-2.526706,46.891811,-215.7,5219.996,substation,,2024Q3,offshore wind farm substation
85,-2.561484,46.89731,-218.669,5220.609,substation,,2016Q1,offshore wind farm substation
86,-2.509765,46.901154,-214.254,5221.036,substation,,2024Q2,offshore wind farm substation
87,-2.544468,46.906828,-217.216,5221.668,substation,,2024Q3,offshore wind farm substation
88,-2.518653,46.908806,-215.012,5221.888,substation,,2024Q2,offshore wind farm substation
89,-2.536426,46.92383,-216.53,5223.561,substation,,2024Q2,offshore wind farm substation
90,-2.474958,46.895468,-211.282,5220.403,substation,,2024Q4,offshore wind farm substation
91,-2.483813,46.903101,-212.038,5221.253,substation,,2024Q4,offshore wind farm substation
92,-2.492631,46.910583,-212.791,5222.086,substation,,2017Q3,offshore wind farm substation
93,-2.578592,46.88806,-220.129,5219.579,substation,,2024Q3,offshore wind farm substation
102,141.320412,43.232887,12064.238,4812.685,substation,,2017Q2,offshore wind farm substation
125,-71.126961,41.177235,-6071.965,4583.85,substation,,2024Q3,offshore wind farm substation
126,-71.171196,41.175871,-6075.741,4583.698,substation,,2024Q3,offshore wind farm substation
127,-71.12677,41.160368,-6071.949,4581.972,substation,,2024Q3,offshore wind farm substation
128,-71.129234,41.209991,-6072.159,4587.496,substation,,2024Q4,offshore wind farm substation
136,-71.082146,41.144287,-6068.139,4580.182,substation,,2024Q3,offshore wind farm substation
137,-71.059074,41.111307,-6066.17,4576.511,substation,,2024Q3,offshore wind farm substation
138,-71.105213,41.160635,-6070.109,4582.002,substation,,2024Q3,offshore wind farm substation
139,-71.105064,41.177473,-6070.096,4583.876,substation,,2024Q3,offshore wind farm substation
141,-70.994259,41.16287,-6060.637,4582.251,substation,,2024Q3,offshore wind farm substation
144,-70.992245,41.096991,-6060.465,4574.917,substation,,2024Q3,offshore wind farm substation
147,-71.167938,41.076267,-6075.463,4572.61,substation,,2020Q3,offshore wind farm substation
152,-71.058102,41.094433,-6066.087,4574.632,substation,,2024Q3,offshore wind farm substation
153,-71.080658,41.1278,-6068.012,4578.347,substation,,2024Q3,offshore wind farm substation
154,-71.037468,41.111441,-6064.325,4576.526,substation,,2024Q3,offshore wind farm substation
155,-70.990238,41.078974,-6060.293,4572.911,substation,,2024Q2,offshore wind farm substation
156,-71.014477,41.07893,-6062.363,4572.906,substation,,2024Q2,offshore wind farm substation
177,139.970222,40.200102,11948.975,4475.075,substation,,2016Q4,offshore wind farm substation
178,139.97831,40.202627,11949.666,4475.356,substation,,2016Q2,offshore wind farm substation
191,123.320988,39.593859,10527.664,4407.588,substation,,2016Q1,offshore wind farm substation
221,123.347679,39.523912,10529.942,4399.802,substation,,2017Q3,offshore wind farm substation
259,123.203899,39.509283,10517.668,4398.173,substation,,2016Q1,offshore wind farm substation
260,123.206463,39.498396,10517.887,4396.961,substation,,2020Q4,offshore wind farm substation
299,123.310505,39.410053,10526.769,4387.127,substation,,2024Q4,offshore wind farm substation
300,123.314083,39.4198,10527.074,4388.212,substation,,2024Q4,offshore wind farm substation
301,123.316525,39.430691,10527.283,4389.425,substation,,2024Q4,offshore wind farm substation
334,123.329945,39.442003,10528.429,4390.684,substation,,2024Q4,offshore wind farm substation
341,123.335781,39.431772,10528.927,4389.545,substation,,2024Q2,offshore wind farm substation
370,123.422588,39.487257,10536.337,4395.721,substation,,2023Q4,offshore wind farm substation
381,123.416767,39.415297,10535.84,4387.711,substation,,2021Q3,offshore wind farm substation
454,118.803707,39.020258,10142.033,4343.735,substation,,2016Q1,offshore wind farm substation
456,118.797131,39.028618,10141.471,4344.666,substation,,2017Q1,offshore wind farm substation
533,118.078415,38.668282,10080.116,4304.553,substation,,2019Q3,offshore wind farm substation
534,118.017982,38.670132,10074.957,4304.759,substation,,2024Q2,offshore wind farm substation
535,118.001305,38.672977,10073.533,4305.076,substation,,2025Q1,offshore wind farm substation
568,118.580517,38.324944,10122.979,4266.333,substation,,2018Q3,offshore wind farm substation
569,118.602322,38.28751,10124.841,4262.166,substation,,2022Q3,offshore wind farm substation
604,118.838768,38.26985,10145.026,4260.2,substation,,2016Q1,offshore wind farm substation
605,118.904602,38.293535,10150.646,4262.836,substation,,2016Q1,offshore wind farm substation
606,118.855732,38.249315,10146.474,4257.914,substation,,2016Q1,offshore wind farm substation
607,118.896172,38.28635,10149.926,4262.036,substation,,2016Q1,offshore wind farm substation
608,118.869019,38.246153,10147.608,4257.562,substation,,2016Q1,offshore wind farm substation
609,118.913639,38.309633,10151.417,4264.628,substation,,2016Q1,offshore wind farm substation
610,118.854645,38.280689,10146.381,4261.406,substation,,2022Q4,offshore wind farm substation
611,118.845802,38.234333,10145.626,4256.246,substation,,2016Q1,offshore wind farm substation
612,118.857006,38.224689,10146.583,4255.172,substation,,2016Q1,offshore wind farm substation
613,118.851128,38.242226,10146.081,4257.125,substation,,2016Q1,offshore wind farm substation
614,118.844337,38.204184,10145.501,4252.89,substation,,2016Q1,offshore wind farm substation
615,118.857994,38.23197,10146.667,4255.983,substation,,2020Q2,offshore wind farm substation
637,118.960617,38.252844,10155.428,4258.307,substation,,2016Q1,offshore wind farm substation
653,119.022846,38.256117,10160.74,4258.671,substation,,2022Q4,offshore wind farm substation
655,118.950821,38.242731,10154.592,4257.181,substation,,2016Q1,offshore wind farm substation
680,118.918541,38.156399,10151.836,4247.57,substation,,2016Q1,offshore wind farm substation
681,118.916237,38.154179,10151.639,4247.323,substation,,2016Q1,offshore wind farm substation
682,118.938316,38.220331,10153.524,4254.687,substation,,2016Q1,offshore wind farm substation
683,119.095051,38.211256,10166.904,4253.677,substation,,2016Q1,offshore wind farm substation
684,119.060406,38.202423,10163.947,4252.694,substation,,2016Q1,offshore wind farm substation
719,119.271912,38.02635,10182.002,4233.093,substation,,2024Q4,offshore wind farm substation
720,119.27132,38.003277,10181.952,4230.525,substation,,2024Q4,offshore wind farm substation
721,119.24514,38.003206,10179.717,4230.517,substation,,2025Q1,offshore wind farm substation
722,119.214878,38.00868,10177.134,4231.126,substation,,2024Q4,offshore wind farm substation
723,119.236378,38.031231,10178.969,4233.637,substation,,2023Q4,offshore wind farm substation
741,121.859474,37.958254,10402.897,4225.513,substation,,2023Q3,offshore wind farm substation
769,121.872478,37.906765,10404.008,4219.781,substation,,2023Q3,offshore wind farm substation
811,120.312954,37.81967,10270.874,4210.086,substation,,2023Q3,offshore wind farm substation
812,120.376003,37.875465,10276.256,4216.297,substation,,2025Q1,offshore wind farm substation
868,119.4865,37.248886,10200.321,4146.546,substation,,2022Q3,offshore wind farm substation
942,121.488293,36.536995,10371.21,4067.298,substation,,2024Q3,offshore wind farm substation
960,121.585426,36.550064,10379.502,4068.753,substation,,2023Q3,offshore wind farm substation
1065,121.65757,36.474661,10385.661,4060.359,substation,,2023Q4,offshore wind farm substation
1102,121.252327,36.442167,10351.067,4056.742,substation,,2022Q3,offshore wind farm substation
1142,121.205597,36.397654,10347.077,4051.787,substation,,2022Q3,offshore wind farm substation
1170,121.413387,36.446924,10364.816,4057.272,substation,,2021Q3,offshore wind farm substation
1272,121.43087,36.380407,10366.308,4049.867,substation,,2021Q2,offshore wind farm substation
1282,126.274853,35.485989,10779.829,3950.3,substation,,2016Q2,offshore wind farm substation
1294,126.340382,35.481934,10785.423,3949.849,substation,,2017Q2,offshore wind farm substation
1344,119.802364,34.604343,10227.286,3852.155,substation,,2016Q4,offshore wind farm substation
1361,119.984921,34.524305,10242.871,3843.246,substation,,2016Q1,offshore wind farm substation
1384,120.038742,34.507563,10247.465,3841.382,substation,,2016Q1,offshore wind farm substation
1566,120.602512,34.31456,10295.593,3819.897,substation,,2019Q4,offshore wind farm substation
1773,121.041882,33.606546,10333.101,3741.081,substation,,2020Q3,offshore wind farm substation
1863,121.124603,33.422129,10340.163,3720.551,substation,,2025Q1,offshore wind farm substation
1970,121.346615,33.523769,10359.116,3731.866,substation,,2021Q3,offshore wind farm substation
1984,121.331074,33.450056,10357.789,3723.66,substation,,2021Q3,offshore wind farm substation
2141,121.054436,33.305603,10334.173,3707.58,substation,,2017Q2,offshore wind farm substation
2142,121.080654,33.311487,10336.411,3708.235,substation,,2018Q1,offshore wind farm substation
2196,121.247837,33.286753,10350.683,3705.481,substation,,2018Q4,offshore wind farm substation
2223,121.232635,33.307636,10349.385,3707.806,substation,,2021Q3,offshore wind farm substation
2257,121.558025,33.315475,10377.163,3708.679,substation,,2021Q3,offshore wind farm substation
2328,121.419579,33.170296,10365.344,3692.517,substation,,2018Q4,offshore wind farm substation
2386,121.304867,33.009941,10355.552,3674.667,substation,,2024Q3,offshore wind farm substation
2403,121.289642,32.947227,10354.252,3667.685,substation,,2016Q3,offshore wind farm substation
2416,121.325874,32.96372,10357.345,3669.521,substation,,2016Q1,offshore wind farm substation
2487,121.240215,32.949306,10350.033,3667.917,substation,,2016Q2,offshore wind farm substation
2576,121.317741,32.896399,10356.651,3662.027,substation,,2019Q3,offshore wind farm substation
2674,121.645779,32.818003,10384.655,3653.3,substation,,2021Q1,offshore wind farm substation
2873,121.946571,32.850367,10410.333,3656.903,substation,,2024Q4,offshore wind farm substation
2911,121.155552,32.738451,10342.805,3644.444,substation,,2019Q3,offshore wind farm substation
2975,121.169628,32.679741,10344.007,3637.909,substation,,2018Q1,offshore wind farm substation
2976,121.126762,32.667717,10340.347,3636.57,substation,,2018Q1,offshore wind farm substation
2994,121.492203,32.730278,10371.544,3643.535,substation,,2019Q4,offshore wind farm substation
2996,121.491764,32.812098,10371.507,3652.643,substation,,2019Q4,offshore wind farm substation
3016,121.515038,32.800333,10373.494,3651.333,substation,,2021Q1,offshore wind farm substation
3176,121.000149,32.622297,10329.539,3631.514,substation,,2016Q1,offshore wind farm substation
3188,121.091511,32.654823,10337.338,3635.135,substation,,2017Q3,offshore wind farm substation
3226,121.211376,32.642647,10347.571,3633.779,substation,,2016Q3,offshore wind farm substation
3287,121.353065,32.68679,10359.666,3638.693,substation,,2016Q2,offshore wind farm substation
3291,121.33659,32.712534,10358.26,3641.559,substation,,2021Q1,offshore wind farm substation
3292,121.366848,32.71735,10360.843,3642.095,substation,,2016Q1,offshore wind farm substation
3293,121.323479,32.68108,10357.141,3638.058,substation,,2016Q3,offshore wind farm substation
3294,121.316185,32.688446,10356.518,3638.878,substation,,2017Q1,offshore wind farm substation
3375,121.620422,32.67893,10382.49,3637.818,substation,,2021Q1,offshore wind farm substation
3413,121.723835,32.709957,10391.318,3641.272,substation,,2020Q2,offshore wind farm substation
3441,121.874805,32.654121,10404.206,3635.057,substation,,2021Q1,offshore wind farm substation
3452,121.821938,32.658596,10399.693,3635.555,substation,,2018Q3,offshore wind farm substation
3527,121.92955,32.662279,10408.88,3635.965,substation,,2021Q1,offshore wind farm substation
3577,121.909782,32.75268,10407.192,3646.028,substation,,2021Q3,offshore wind farm substation
3718,121.251785,32.515951,10351.02,3619.676,substation,,2025Q1,offshore wind farm substation
3748,121.650398,32.38389,10385.049,3604.975,substation,,2016Q1,offshore wind farm substation
3768,121.705399,32.359385,10389.744,3602.247,substation,,2016Q1,offshore wind farm substation
3793,122.134029,32.108147,10426.336,3574.279,substation,,2020Q4,offshore wind farm substation
3810,122.148979,32.142921,10427.612,3578.15,substation,,2020Q4,offshore wind farm substation
3889,122.124256,30.911762,10425.501,3441.097,substation,,2016Q1,offshore wind farm substation
3891,122.129349,30.983721,10425.936,3449.108,substation,,2016Q1,offshore wind farm substation
3934,121.807934,30.755938,10398.498,3423.751,substation,,2021Q3,offshore wind farm substation
4038,122.009819,30.706396,10415.732,3418.236,substation,,2020Q3,offshore wind farm substation
4081,121.58379,30.610307,10379.363,3407.539,substation,,2024Q4,offshore wind farm substation
4083,121.512661,30.633053,10373.291,3410.071,substation,,2025Q1,offshore wind farm substation
4084,121.51265,30.642092,10373.29,3411.078,substation,,2025Q1,offshore wind farm substation
4085,121.526657,30.642694,10374.486,3411.145,substation,,2024Q4,offshore wind farm substation
4099,121.621971,30.642766,10382.622,3411.153,substation,,2020Q4,offshore wind farm substation
4101,121.51263,30.597671,10373.288,3406.133,substation,,2025Q1,offshore wind farm substation
4102,121.512569,30.606617,10373.283,3407.129,substation,,2024Q4,offshore wind farm substation
4165,121.512611,30.579802,10373.286,3404.144,substation,,2024Q4,offshore wind farm substation
4247,121.473217,30.492515,10369.923,3394.427,substation,,2019Q4,offshore wind farm substation
4285,121.69611,30.379227,10388.951,3381.816,substation,,2023Q4,offshore wind farm substation
4455,122.013229,29.061301,10416.023,3235.104,substation,,2021Q3,offshore wind farm substation
4470,122.015083,29.0314,10416.181,3231.775,substation,,2016Q1,offshore wind farm substation
4509,121.979408,28.950782,10413.136,3222.801,substation,,2023Q1,offshore wind farm substation
4510,121.994972,28.945831,10414.465,3222.25,substation,,2020Q3,offshore wind farm substation
4532,121.82959,28.830687,10400.346,3209.432,substation,,2023Q2,offshore wind farm substation
4617,120.879791,27.33158,10319.264,3042.551,substation,,2022Q2,offshore wind farm substation
4662,120.951515,27.265028,10325.387,3035.143,substation,,2021Q4,offshore wind farm substation
4691,120.836803,27.264583,10315.594,3035.093,substation,,2023Q2,offshore wind farm substation
4760,119.953907,25.828384,10240.223,2875.216,substation,,2019Q2,offshore wind farm substation
4762,119.960346,25.829315,10240.773,2875.319,substation,,2021Q2,offshore wind farm substation
4842,119.968506,25.769524,10241.469,2868.663,substation,,2020Q3,offshore wind farm substation
5006,119.445148,25.386898,10196.791,2826.069,substation,,2019Q1,offshore wind farm substation
5024,119.483719,25.260904,10200.084,2812.044,substation,,2016Q1,offshore wind farm substation
5074,119.491283,25.250103,10200.73,2810.841,substation,,2016Q1,offshore wind farm substation
5143,119.527515,25.213012,10203.823,2806.712,substation,,2016Q1,offshore wind farm substation
5163,119.563107,25.258834,10206.861,2811.813,substation,,2016Q1,offshore wind farm substation
5177,119.572342,25.266888,10207.65,2812.71,substation,,2016Q1,offshore wind farm substation
5181,119.565556,25.264358,10207.07,2812.428,substation,,2016Q1,offshore wind farm substation
5183,119.568932,25.264633,10207.358,2812.459,substation,,2016Q1,offshore wind farm substation
5184,119.582962,25.249885,10208.556,2810.817,substation,,2016Q1,offshore wind farm substation
5189,119.595108,25.270798,10209.593,2813.145,substation,,2023Q4,offshore wind farm substation
5199,119.584606,25.252715,10208.697,2811.132,substation,,2016Q1,offshore wind farm substation
5238,119.391235,25.139471,10192.189,2798.526,substation,,2016Q1,offshore wind farm substation
5308,120.830894,24.706365,10315.09,2750.313,substation,,2016Q1,offshore wind farm substation
5349,119.86348,24.161874,10232.503,2689.7,substation,,2021Q2,offshore wind farm substation
5389,120.003174,24.15647,10244.429,2689.098,substation,,2021Q2,offshore wind farm substation
5495,118.186081,23.92691,10089.307,2663.544,substation,,2023Q3,offshore wind farm substation
5594,117.049229,23.292333,9992.257,2592.903,substation,,2025Q1,offshore wind farm substation
5596,117.046425,23.276905,9992.017,2591.185,substation,,2021Q3,offshore wind farm substation
5614,116.980793,23.253174,9986.414,2588.543,substation,,2024Q4,offshore wind farm substation
5639,116.985203,23.224301,9986.791,2585.329,substation,,2023Q3,offshore wind farm substation
5726,115.933445,22.684401,9897.004,2525.228,substation,,2020Q4,offshore wind farm substation
5754,116.068184,22.72637,9908.507,2529.9,substation,,2024Q3,offshore wind farm substation
5780,116.117149,22.719976,9912.687,2529.188,substation,,2021Q2,offshore wind farm substation
5889,116.269215,22.659458,9925.668,2522.451,substation,,2021Q3,offshore wind farm substation
5903,116.162971,22.621649,9916.598,2518.242,substation,,2022Q3,offshore wind farm substation
5968,116.08577,22.601688,9910.008,2516.02,substation,,2022Q1,offshore wind farm substation
6009,114.995255,22.316943,9816.913,2484.322,substation,,2021Q2,offshore wind farm substation
6048,114.912338,22.316252,9809.834,2484.245,substation,,2023Q3,offshore wind farm substation
6049,114.942886,22.315118,9812.442,2484.119,substation,,2016Q2,offshore wind farm substation
6129,113.431065,21.912447,9683.381,2439.294,substation,,2020Q2,offshore wind farm substation
6311,111.51992,21.317173,9520.231,2373.028,substation,,2020Q4,offshore wind farm substation
6312,111.513367,21.356956,9519.671,2377.456,substation,,2020Q3,offshore wind farm substation
6409,111.625763,21.304502,9529.266,2371.617,substation,,2020Q4,offshore wind farm substation
6414,112.16811,21.447231,9575.565,2387.506,substation,,2019Q3,offshore wind farm substation
6480,108.195599,21.355421,9236.44,2377.285,substation,,2023Q4,offshore wind farm substation
6533,111.495327,21.257564,9518.131,2366.392,substation,,2017Q2,offshore wind farm substation
6534,111.489193,21.24826,9517.607,2365.356,substation,,2018Q2,offshore wind farm substation
6575,111.512131,21.262492,9519.566,2366.941,substation,,2019Q2,offshore wind farm substation
6671,111.649879,21.242201,9531.325,2364.682,substation,,2021Q2,offshore wind farm substation
6889,111.609352,20.983103,9527.865,2335.839,substation,,2020Q3,offshore wind farm substation
6897,111.618843,20.929973,9528.675,2329.925,substation,,2023Q2,offshore wind farm substation
6937,111.655258,20.934001,9531.784,2330.373,substation,,2019Q4,offshore wind farm substation
6940,111.459476,21.042193,9515.071,2342.417,substation,,2024Q3,offshore wind farm substation
6941,111.461872,21.042435,9515.275,2342.444,substation,,2017Q4,offshore wind farm substation
7003,110.566898,20.7113,9438.873,2305.582,substation,,2021Q1,offshore wind farm substation
7023,110.605526,20.590511,9442.171,2292.136,substation,,2018Q4,offshore wind farm substation
7034,110.65789,20.635059,9446.641,2297.095,substation,,2021Q3,offshore wind farm substation
7035,110.64315,20.584741,9445.382,2291.493,substation,,2021Q1,offshore wind farm substation
7177,110.727459,20.640864,9452.58,2297.741,substation,,2024Q2,offshore wind farm substation
7228,109.111908,20.14251,9314.663,2242.264,substation,,2022Q2,offshore wind farm substation
7235,109.13361,20.119643,9316.516,2239.719,substation,,2024Q3,offshore wind farm substation
7318,109.089531,20.141322,9312.753,2242.132,substation,,2024Q3,offshore wind farm substation
7367,109.297146,20.108103,9330.477,2238.434,substation,,2024Q4,offshore wind farm substation
7519,106.49667,9.545803,9091.406,1062.639,substation,,2022Q3,offshore wind farm substation
7551,106.500549,9.536696,9091.737,1061.625,substation,,2021Q4,offshore wind farm substation
7577,105.842892,9.204871,9035.594,1024.686,substation,,2021Q2,offshore wind farm substation
7581,105.845528,9.234437,9035.819,1027.978,substation,,2021Q2,offshore wind farm substation
7584,105.849796,9.187006,9036.184,1022.698,substation,,2018Q2,offshore wind farm substation
7630,105.776489,9.224917,9029.925,1026.918,substation,,2018Q4,offshore wind farm substation
7766,5.029752,59.140673,429.38,6583.54,substation,,2016Q1,offshore wind farm substation
7828,-2.895952,58.257252,-247.222,6485.197,substation,,2018Q2,offshore wind farm substation
7829,-2.880589,58.250414,-245.91,6484.436,substation,,2018Q1,offshore wind farm substation
8213,12.670576,55.686239,1081.662,6198.992,substation,,2016Q1,offshore wind farm substation
8214,12.668928,55.677809,1081.521,6198.054,substation,,2016Q1,offshore wind farm substation
8215,12.669504,55.702465,1081.57,6200.798,substation,,2016Q1,offshore wind farm substation
8219,12.670118,55.684052,1081.622,6198.749,substation,,2016Q1,offshore wind farm substation
8225,12.669347,55.679413,1081.557,6198.232,substation,,2016Q1,offshore wind farm substation
8226,12.669786,55.682224,1081.594,6198.545,substation,,2016Q1,offshore wind farm substation
8278,7.595745,55.598351,648.433,6189.208,substation,,2016Q1,offshore wind farm substation
8287,7.585338,55.623407,647.545,6191.998,substation,,2016Q1,offshore wind farm substation
8306,7.622814,55.599949,650.744,6189.386,substation,,2016Q1,offshore wind farm substation
8386,7.87482,55.509296,672.257,6179.295,substation,,2016Q1,offshore wind farm substation
8466,6.855092,55.199507,585.205,6144.809,substation,,2016Q2,offshore wind farm substation
8591,7.240811,55.062962,618.133,6129.609,substation,,2016Q1,offshore wind farm substation
8592,2.128186,55.031109,181.679,6126.063,substation,,2024Q3,offshore wind farm substation
8593,2.160184,55.050198,184.411,6128.188,substation,,2025Q1,offshore wind farm substation
8633,7.799561,55.020039,665.833,6124.831,substation,,2016Q1,offshore wind farm substation
8643,12.945308,55.048832,1105.115,6128.036,substation,,2018Q1,offshore wind farm substation
8702,13.154298,55.007326,1122.956,6123.416,substation,,2016Q1,offshore wind farm substation
8753,13.161225,54.972397,1123.547,6119.527,substation,,2016Q1,offshore wind farm substation
8803,13.677158,54.817669,1167.591,6102.303,substation,,2022Q2,offshore wind farm substation
8864,14.073948,54.834969,1201.465,6104.229,substation,,2016Q3,offshore wind farm substation
8904,14.097951,54.787422,1203.514,6098.936,substation,,2017Q4,offshore wind farm substation
8968,13.899549,54.821396,1186.576,6102.718,substation,,2018Q4,offshore wind farm substation
9051,6.368312,54.513643,543.65,6068.459,substation,,2016Q1,offshore wind farm substation
9141,11.557905,54.571978,986.675,6074.953,substation,,2016Q1,offshore wind farm substation
9233,11.720097,54.566046,1000.521,6074.292,substation,,2016Q1,offshore wind farm substation
9265,12.6302,54.61319,1078.215,6079.54,substation,,2016Q1,offshore wind farm substation
9293,6.270601,54.487356,535.309,6065.532,substation,,2019Q1,offshore wind farm substation
9299,6.328191,54.444702,540.225,6060.784,substation,,2018Q2,offshore wind farm substation
9342,6.153203,54.422647,525.287,6058.329,substation,,2024Q3,offshore wind farm substation
9343,6.186152,54.400557,528.099,6055.87,substation,,2024Q3,offshore wind farm substation
9344,6.198786,54.392471,529.178,6054.97,substation,,2024Q3,offshore wind farm substation
9345,6.161453,54.416515,525.991,6057.646,substation,,2024Q3,offshore wind farm substation
9422,7.679026,54.441982,655.543,6060.481,substation,,2016Q1,offshore wind farm substation
9465,7.735193,54.520489,660.338,6069.221,substation,,2016Q1,offshore wind farm substation
9490,7.739444,54.452612,660.701,6061.665,substation,,2016Q1,offshore wind farm substation
9545,5.881546,54.322599,502.096,6047.192,substation,,2016Q3,offshore wind farm substation
9582,6.010509,54.352055,513.105,6050.471,substation,,2016Q1,offshore wind farm substation
9583,6.02496,54.355087,514.339,6050.808,substation,,2016Q1,offshore wind farm substation
9586,6.134111,54.435432,523.657,6059.752,substation,,2024Q3,offshore wind farm substation
9587,6.134045,54.422735,523.651,6058.339,substation,,2024Q3,offshore wind farm substation
9588,6.134094,54.405495,523.655,6056.42,substation,,2024Q3,offshore wind farm substation
9589,6.13444,54.373465,523.685,6052.854,substation,,2024Q2,offshore wind farm substation
9590,6.133972,54.364925,523.645,6051.903,substation,,2024Q3,offshore wind farm substation
9591,6.134231,54.414179,523.667,6057.386,substation,,2024Q3,offshore wind farm substation
9592,6.134,54.39674,523.647,6055.445,substation,,2024Q3,offshore wind farm substation
9593,6.133914,54.34798,523.64,6050.017,substation,,2024Q3,offshore wind farm substation
9594,6.13411,54.382122,523.657,6053.818,substation,,2024Q3,offshore wind farm substation
9595,6.176785,54.374975,527.3,6053.022,substation,,2024Q2,offshore wind farm substation
9596,6.236085,54.3577,532.362,6051.099,substation,,2024Q2,offshore wind farm substation
9597,6.245365,54.343725,533.154,6049.543,substation,,2024Q2,offshore wind farm substation
9598,6.232742,54.3479,532.077,6050.008,substation,,2024Q2,offshore wind farm substation
9599,6.148837,54.368568,524.914,6052.309,substation,,2024Q3,offshore wind farm substation
9600,6.17855,54.383204,527.45,6053.938,substation,,2024Q3,offshore wind farm substation
9601,6.271088,54.343479,535.35,6049.516,substation,,2024Q3,offshore wind farm substation
9602,6.148509,54.411846,524.886,6057.127,substation,,2024Q3,offshore wind farm substation
9603,6.251064,54.357498,533.641,6051.077,substation,,2024Q3,offshore wind farm substation
9604,6.184112,54.391796,527.925,6054.895,substation,,2024Q3,offshore wind farm substation
9605,6.158109,54.40522,525.705,6056.389,substation,,2021Q2,offshore wind farm substation
9606,6.201836,54.347239,529.438,6049.935,substation,,2021Q2,offshore wind farm substation
9607,6.149436,54.344589,524.965,6049.64,substation,,2024Q2,offshore wind farm substation
9608,6.147877,54.378721,524.832,6053.439,substation,,2024Q3,offshore wind farm substation
9609,6.186,54.350721,528.086,6050.322,substation,,2024Q2,offshore wind farm substation
9610,6.181642,54.36088,527.714,6051.453,substation,,2024Q2,offshore wind farm substation
9611,6.17106,54.399752,526.811,6055.78,substation,,2024Q3,offshore wind farm substation
9612,6.207821,54.369333,529.949,6052.394,substation,,2024Q2,offshore wind farm substation
9613,6.210464,54.354881,530.175,6050.785,substation,,2024Q2,offshore wind farm substation
9614,6.197838,54.359131,529.097,6051.258,substation,,2024Q2,offshore wind farm substation
9615,6.260424,54.350925,534.44,6050.345,substation,,2024Q3,offshore wind farm substation
9623,6.134231,54.338539,523.667,6048.966,substation,,2024Q2,offshore wind farm substation
9624,6.264719,54.329628,534.806,6047.974,substation,,2024Q2,offshore wind farm substation
9625,6.256233,54.336432,534.082,6048.732,substation,,2024Q2,offshore wind farm substation
9640,6.379743,54.388342,544.626,6054.51,substation,,2017Q3,offshore wind farm substation
9641,6.290563,54.3295,537.013,6047.96,substation,,2024Q3,offshore wind farm substation
9681,7.640175,54.401196,652.226,6055.941,substation,,2016Q1,offshore wind farm substation
9692,7.699313,54.399824,657.275,6055.788,substation,,2016Q1,offshore wind farm substation
9760,5.786307,54.303152,493.965,6045.027,substation,,2018Q4,offshore wind farm substation
9834,-3.855051,54.094995,-329.098,6021.855,substation,,2017Q1,offshore wind farm substation
9835,-3.839404,54.1227,-327.762,6024.939,substation,,2017Q3,offshore wind farm substation
9881,-3.654995,54.052845,-312.02,6017.163,substation,,2017Q2,offshore wind farm substation
9908,-3.575117,54.079893,-305.201,6020.174,substation,,2016Q1,offshore wind farm substation
9951,6.04186,54.03718,515.781,6015.419,substation,,2016Q1,offshore wind farm substation
10041,6.560528,54.037695,560.059,6015.476,substation,,2017Q4,offshore wind farm substation
10060,-3.556387,54.002636,-303.602,6011.573,substation,,2016Q1,offshore wind farm substation
10128,-3.432795,53.98959,-293.051,6010.121,substation,,2016Q1,offshore wind farm substation
10224,1.630876,53.939873,139.225,6004.587,substation,,2020Q4,offshore wind farm substation
10321,5.888227,54.032831,502.666,6014.935,substation,,2016Q1,offshore wind farm substation
10470,6.467059,54.046938,552.08,6016.505,substation,,2016Q1,offshore wind farm substation
10500,6.420119,53.996492,548.073,6010.889,substation,,2016Q1,offshore wind farm substation
10516,6.474586,53.957569,552.722,6006.557,substation,,2017Q3,offshore wind farm substation
10551,6.588019,54.015308,562.406,6012.984,substation,,2016Q1,offshore wind farm substation
10596,6.565496,53.964283,560.483,6007.304,substation,,2016Q1,offshore wind farm substation
10626,6.836675,53.982689,583.633,6009.353,substation,,2016Q2,offshore wind farm substation
10658,6.921664,53.978905,590.888,6008.932,substation,,2016Q1,offshore wind farm substation
10676,7.008971,54.025026,598.342,6014.066,substation,,2016Q1,offshore wind farm substation
10716,7.038461,54.055901,600.859,6017.503,substation,,2016Q1,offshore wind farm substation
10749,-3.502774,54.045006,-299.025,6016.29,substation,,2016Q1,offshore wind farm substation
10806,1.714382,53.89127,146.353,5999.176,substation,,2018Q2,offshore wind farm substation
10876,2.102725,53.877987,179.505,5997.698,substation,,2018Q2,offshore wind farm substation
10935,0.132968,53.804878,11.351,5989.559,substation,,2016Q1,offshore wind farm substation
11000,1.895359,53.878275,161.803,5997.73,substation,,2018Q2,offshore wind farm substation
11107,0.252783,53.658983,21.58,5973.318,substation,,2016Q1,offshore wind farm substation
11195,0.79809,53.485857,68.131,5954.046,substation,,2020Q1,offshore wind farm substation
11266,-3.62389,53.43749,-309.364,5948.661,substation,,2016Q1,offshore wind farm substation
11324,-3.540711,53.465908,-302.263,5951.825,substation,,2016Q1,offshore wind farm substation
11329,-3.508164,53.480961,-299.485,5953.501,substation,,2016Q1,offshore wind farm substation
11399,-3.274996,53.486628,-279.58,5954.131,substation,,2016Q2,offshore wind farm substation
11464,0.889668,53.451065,75.949,5950.173,substation,,2020Q1,offshore wind farm substation
11635,1.378936,53.265221,117.717,5929.484,substation,,2016Q2,offshore wind farm substation
11670,0.48997,53.188866,41.828,5920.985,substation,,2016Q1,offshore wind farm substation
11698,0.866804,53.255878,73.997,5928.444,substation,,2016Q3,offshore wind farm substation
11755,1.120262,53.14436,95.635,5916.03,substation,,2016Q1,offshore wind farm substation
11776,1.446188,53.241726,123.458,5926.869,substation,,2021Q2,offshore wind farm substation
11824,1.175451,53.12697,100.346,5914.094,substation,,2016Q1,offshore wind farm substation
11922,-5.955222,52.773935,-508.385,5874.794,substation,,2016Q1,offshore wind farm substation
11954,4.293665,52.698193,366.542,5866.363,substation,,2021Q4,offshore wind farm substation
12002,5.581702,52.765314,476.499,5873.835,substation,,2016Q1,offshore wind farm substation
12081,4.389755,52.606821,374.745,5856.191,substation,,2016Q1,offshore wind farm substation
12177,4.235412,52.585604,361.569,5853.829,substation,,2016Q1,offshore wind farm substation
12216,4.173647,52.404045,356.296,5833.618,substation,,2016Q1,offshore wind farm substation
12275,3.949631,52.385643,337.172,5831.57,substation,,2021Q4,offshore wind farm substation
12286,4.043144,52.319935,345.155,5824.255,substation,,2020Q3,offshore wind farm substation
12317,2.506152,52.248941,213.945,5816.352,substation,,2018Q3,offshore wind farm substation
12363,4.084751,52.258133,348.707,5817.375,substation,,2021Q2,offshore wind farm substation
12436,2.020251,51.952023,172.465,5783.299,substation,,2017Q2,offshore wind farm substation
12536,1.943488,51.914452,165.912,5779.117,substation,,2016Q1,offshore wind farm substation
12552,1.894561,51.859642,161.735,5773.015,substation,,2016Q1,offshore wind farm substation
12576,1.957778,51.786793,167.132,5764.906,substation,,2016Q1,offshore wind farm substation
12695,1.238321,51.730089,105.713,5758.594,substation,,2016Q1,offshore wind farm substation
12750,2.723621,51.712431,232.51,5756.628,substation,,2018Q1,offshore wind farm substation
12771,2.759176,51.688572,235.545,5753.972,substation,,2018Q1,offshore wind farm substation
12806,2.81681,51.69495,240.465,5754.682,substation,,2016Q1,offshore wind farm substation
12807,2.825531,51.690163,241.21,5754.149,substation,,2016Q3,offshore wind farm substation
12847,2.965726,51.726934,253.178,5758.242,substation,,2019Q2,offshore wind farm substation
12911,3.056802,51.700336,260.953,5755.281,substation,,2017Q1,offshore wind farm substation
12917,2.992793,51.665941,255.489,5751.453,substation,,2024Q2,offshore wind farm substation
12959,1.436793,51.630571,122.656,5747.515,substation,,2016Q1,offshore wind farm substation
13132,2.8441,51.624538,242.795,5746.844,substation,,2018Q1,offshore wind farm substation
13135,2.868521,51.582697,244.88,5742.186,substation,,2016Q3,offshore wind farm substation
13172,2.918741,51.57588,249.167,5741.427,substation,,2016Q4,offshore wind farm substation
13291,2.991221,51.513798,255.355,5734.516,substation,,2018Q3,offshore wind farm substation
13335,2.954682,51.533176,252.235,5736.673,substation,,2016Q1,offshore wind farm substation
13435,-0.343187,50.688469,-29.297,5642.64,substation,,2016Q1,offshore wind farm substation
13517,0.219025,49.847849,18.698,5549.063,substation,,2016Q1,offshore wind farm substation
13527,0.269755,49.902647,23.028,5555.163,substation,,2022Q3,offshore wind farm substation
13568,-2.532817,48.849976,-216.221,5437.979,substation,,2017Q3,offshore wind farm substation
13572,-70.970196,41.095869,-6058.582,4574.792,substation,,2024Q3,offshore wind farm substation
13579,-70.882664,41.130995,-6051.11,4578.702,substation,,2024Q3,offshore wind farm substation
13585,-70.507153,41.103325,-6019.053,4575.622,substation,,2024Q1,offshore wind farm substation
13589,-70.440968,41.104132,-6013.403,4575.712,substation,,2023Q4,offshore wind farm substation
13592,-70.482777,41.003269,-6016.972,4564.484,substation,,2024Q4,offshore wind farm substation
13593,-70.484299,41.07019,-6017.102,4571.934,substation,,2024Q4,offshore wind farm substation
13594,-70.484047,41.053699,-6017.081,4570.098,substation,,2023Q4,offshore wind farm substation
13595,-70.506756,41.086697,-6019.019,4573.771,substation,,2024Q4,offshore wind farm substation
13596,-70.484703,41.087038,-6017.137,4573.809,substation,,2024Q4,offshore wind farm substation
13597,-70.505867,41.05315,-6018.944,4570.037,substation,,2024Q4,offshore wind farm substation
13604,-70.396481,41.087891,-6009.606,4573.904,substation,,2023Q4,offshore wind farm substation
13619,-70.461193,41.020447,-6015.13,4566.396,substation,,2024Q4,offshore wind farm substation
13620,-70.461487,41.036985,-6015.155,4568.237,substation,,2024Q4,offshore wind farm substation
13623,-70.482346,40.986902,-6016.936,4562.662,substation,,2024Q4,offshore wind farm substation
13629,17.143394,40.481319,1463.497,4506.38,substation,,2016Q1,offshore wind farm substation
13676,118.699039,38.280041,10133.097,4261.334,substation,,2016Q2,offshore wind farm substation
13677,118.735176,38.279781,10136.182,4261.305,substation,,2021Q3,offshore wind farm substation
13694,118.80685,38.247721,10142.301,4257.736,substation,,2016Q1,offshore wind farm substation
13695,118.822502,38.247854,10143.637,4257.751,substation,,2016Q1,offshore wind farm substation
13696,118.815384,38.243702,10143.03,4257.289,substation,,2016Q1,offshore wind farm substation
13697,118.815407,38.253197,10143.032,4258.346,substation,,2016Q1,offshore wind farm substation
13698,118.808517,38.255987,10142.443,4258.656,substation,,2016Q1,offshore wind farm substation
13702,118.833706,38.248806,10144.594,4257.857,substation,,2016Q1,offshore wind farm substation
13703,118.82893,38.252274,10144.186,4258.243,substation,,2016Q1,offshore wind farm substation
13704,118.829792,38.244678,10144.26,4257.398,substation,,2016Q1,offshore wind farm substation
13705,118.801712,38.214777,10141.862,4254.069,substation,,2016Q1,offshore wind farm substation
13706,118.802895,38.23525,10141.963,4256.348,substation,,2016Q1,offshore wind farm substation
13707,118.81889,38.239126,10143.329,4256.78,substation,,2016Q1,offshore wind farm substation
13708,118.813656,38.233994,10142.882,4256.208,substation,,2016Q1,offshore wind farm substation
13709,118.810402,38.23007,10142.604,4255.771,substation,,2016Q1,offshore wind farm substation
13710,118.791931,38.231691,10141.027,4255.952,substation,,2016Q1,offshore wind farm substation
13723,119.403545,37.267218,10193.24,4148.587,substation,,2016Q1,offshore wind farm substation
13732,121.710499,36.439728,10390.18,4056.471,substation,,2024Q2,offshore wind farm substation
13745,119.893509,34.44953,10235.067,3834.922,substation,,2016Q1,offshore wind farm substation
13791,121.353653,33.009813,10359.717,3674.652,substation,,2018Q4,offshore wind farm substation
13852,121.381119,32.733154,10362.061,3643.855,substation,,2019Q1,offshore wind farm substation
13865,121.286327,32.679703,10353.969,3637.905,substation,,2018Q1,offshore wind farm substation
13929,122.063049,32.149826,10420.276,3578.919,substation,,2020Q3,offshore wind farm substation
14081,119.902382,24.031151,10235.824,2675.148,substation,,2024Q3,offshore wind farm substation
14082,119.87434,24.032184,10233.431,2675.263,substation,,2024Q3,offshore wind farm substation
14084,119.888985,24.032069,10234.681,2675.25,substation,,2024Q3,offshore wind farm substation
14085,119.916031,24.03136,10236.99,2675.171,substation,,2024Q3,offshore wind farm substation
14087,119.866001,24.032178,10232.719,2675.262,substation,,2024Q3,offshore wind farm substation
14088,119.895828,24.031633,10235.265,2675.201,substation,,2024Q3,offshore wind farm substation
14089,119.881844,24.03084,10234.071,2675.113,substation,,2024Q3,offshore wind farm substation
14090,119.831272,23.997137,10229.754,2671.361,substation,,2024Q4,offshore wind farm substation
14091,119.839077,23.999423,10230.42,2671.616,substation,,2024Q4,offshore wind farm substation
14092,119.888454,24.01478,10234.635,2673.325,substation,,2024Q3,offshore wind farm substation
14093,119.856529,24.032021,10231.91,2675.245,substation,,2024Q3,offshore wind farm substation
14094,119.840485,23.989791,10230.54,2670.544,substation,,2024Q4,offshore wind farm substation
14095,119.881252,24.01484,10234.021,2673.332,substation,,2024Q3,offshore wind farm substation
14096,119.856243,24.003869,10231.886,2672.111,substation,,2024Q4,offshore wind farm substation
14097,119.856419,24.017043,10231.901,2673.577,substation,,2024Q3,offshore wind farm substation
14098,119.848076,23.987892,10231.188,2670.332,substation,,2024Q4,offshore wind farm substation
14099,119.881813,23.996886,10234.068,2671.333,substation,,2024Q4,offshore wind farm substation
14100,119.875217,23.997933,10233.505,2671.45,substation,,2024Q4,offshore wind farm substation
14101,119.850098,24.029363,10231.361,2674.949,substation,,2024Q3,offshore wind farm substation
14102,119.888184,23.995274,10234.612,2671.154,substation,,2024Q3,offshore wind farm substation
14103,119.899048,24.00934,10235.54,2672.72,substation,,2024Q3,offshore wind farm substation
14104,119.887989,24.00599,10234.596,2672.347,substation,,2024Q2,offshore wind farm substation
14105,119.862743,23.984912,10232.441,2670.0,substation,,2024Q3,offshore wind farm substation
14107,119.83493,23.960883,10230.066,2667.325,substation,,2024Q3,offshore wind farm substation
14108,119.816181,23.969426,10228.466,2668.277,substation,,2024Q3,offshore wind farm substation
14109,119.833294,23.977355,10229.927,2669.159,substation,,2024Q4,offshore wind farm substation
14110,119.828762,23.963554,10229.54,2667.623,substation,,2024Q3,offshore wind farm substation
14111,119.86974,23.982944,10233.038,2669.781,substation,,2024Q3,offshore wind farm substation
14112,119.847744,23.955071,10231.16,2666.679,substation,,2024Q3,offshore wind farm substation
14113,119.858204,23.966941,10232.053,2668.0,substation,,2024Q4,offshore wind farm substation
14114,119.854778,23.951962,10231.761,2666.332,substation,,2024Q3,offshore wind farm substation
14115,119.841705,23.957727,10230.645,2666.974,substation,,2024Q3,offshore wind farm substation
14116,119.876328,23.979856,10233.6,2669.438,substation,,2024Q3,offshore wind farm substation
14117,119.845352,23.971272,10230.956,2668.482,substation,,2024Q4,offshore wind farm substation
14118,119.864777,23.964776,10232.614,2667.759,substation,,2024Q3,offshore wind farm substation
14131,116.428291,22.701132,9939.248,2527.09,substation,,2022Q3,offshore wind farm substation
14187,116.227352,22.578575,9922.095,2513.447,substation,,2022Q4,offshore wind farm substation
14293,105.802746,9.162278,9032.167,1019.945,substation,,2021Q1,offshore wind farm substation
14384,-2.253006,56.274454,-192.335,6264.472,substation,,2021Q4,offshore wind farm substation
14385,-2.246721,56.332842,-191.798,6270.972,substation,,2023Q4,offshore wind farm substation
14406,-2.309839,56.252987,-197.186,6262.083,substation,,2018Q3,offshore wind farm substation
14407,-2.239883,56.243975,-191.214,6261.079,substation,,2021Q4,offshore wind farm substation
14412,-2.332004,56.294151,-199.078,6266.665,substation,,2020Q4,offshore wind farm substation
14446,7.68616,55.690878,656.152,6199.509,substation,,2016Q2,offshore wind farm substation
14499,2.227677,54.864389,190.172,6107.504,substation,,2024Q4,offshore wind farm substation
14500,2.211439,54.873451,188.786,6108.513,substation,,2024Q4,offshore wind farm substation
14501,2.178733,54.891571,185.994,6110.53,substation,,2024Q2,offshore wind farm substation
14541,-3.7093,54.769499,-316.655,6096.941,substation,,2016Q1,offshore wind farm substation
14637,-3.411042,54.078884,-291.194,6020.061,substation,,2016Q1,offshore wind farm substation
14670,-3.27026,53.987877,-279.175,6009.93,substation,,2016Q1,offshore wind farm substation
14774,7.108367,54.044531,606.827,6016.237,substation,,2019Q3,offshore wind farm substation
14856,4.343014,52.71707,370.754,5868.464,substation,,2023Q1,offshore wind farm substation
14915,1.534755,51.602837,131.019,5744.428,substation,,2016Q1,offshore wind farm substation
15365,6.623677,54.000347,565.45,6011.319,substation,,2016Q1,offshore wind farm substation
15375,-70.528378,41.069632,-6020.865,4571.871,substation,,2024Q1,offshore wind farm substation
15376,-70.527203,41.01956,-6020.765,4566.297,substation,,2024Q4,offshore wind farm substation
15377,-70.528664,41.085945,-6020.89,4573.687,substation,,2024Q1,offshore wind farm substation
15378,-70.527603,41.036327,-6020.799,4568.164,substation,,2024Q4,offshore wind farm substation
15404,7.233569,55.123596,617.515,6136.359,substation,,2016Q1,offshore wind farm substation
15426,-75.440929,36.992554,-6440.24,4118.011,substation,,2024Q3,offshore wind farm substation
15452,-15.384905,28.041426,-1313.378,3121.572,substation,,2016Q4,offshore wind farm substation
15454,1.725559,54.961952,147.307,6118.364,substation,,2024Q2,offshore wind farm substation
15455,1.615899,54.869358,137.946,6108.057,substation,,2024Q4,offshore wind farm substation
15459,-70.593697,41.035347,-6026.441,4568.055,substation,,2023Q4,offshore wind farm substation
15460,-70.572086,41.052486,-6024.597,4569.963,substation,,2024Q1,offshore wind farm substation
15469,-70.48502,41.120447,-6017.164,4577.528,substation,,2023Q3,offshore wind farm substation
15470,-70.505608,41.036589,-6018.921,4568.193,substation,,2024Q4,offshore wind farm substation
15471,-70.504757,41.003119,-6018.849,4564.467,substation,,2024Q4,offshore wind farm substation
15473,-70.505238,41.019947,-6018.89,4566.341,substation,,2024Q4,offshore wind farm substation
15474,-70.483265,41.020271,-6017.014,4566.377,substation,,2023Q4,offshore wind farm substation
15475,-70.52808,41.053055,-6020.84,4570.026,substation,,2024Q4,offshore wind farm substation
15476,-70.549252,41.019314,-6022.647,4566.27,substation,,2020Q3,offshore wind farm substation
15477,-70.54958,41.03598,-6022.675,4568.125,substation,,2023Q4,offshore wind farm substation
15478,-70.550442,41.069384,-6022.749,4571.844,substation,,2023Q4,offshore wind farm substation
15482,-75.374771,36.962177,-6434.592,4114.63,substation,,2024Q3,offshore wind farm substation
15483,-75.425404,36.99299,-6438.915,4118.06,substation,,2024Q3,offshore wind farm substation
15484,-75.450546,36.946489,-6441.061,4112.883,substation,,2024Q3,offshore wind farm substation
15485,-75.46611,36.946438,-6442.39,4112.877,substation,,2024Q3,offshore wind farm substation
15486,-75.464081,36.931105,-6442.216,4111.171,substation,,2024Q3,offshore wind farm substation
15487,-75.434944,36.946335,-6439.729,4112.866,substation,,2024Q3,offshore wind farm substation
15489,-75.419357,36.946392,-6438.398,4112.872,substation,,2024Q3,offshore wind farm substation
15490,-75.481693,36.946461,-6443.72,4112.88,substation,,2024Q3,offshore wind farm substation
15491,-75.448719,36.931213,-6440.905,4111.183,substation,,2024Q3,offshore wind farm substation
15492,-75.47979,36.931051,-6443.557,4111.165,substation,,2024Q3,offshore wind farm substation
15493,-3.021308,58.147625,-257.923,6472.994,substation,,2016Q1,offshore wind farm substation
15498,-3.153595,58.094501,-269.216,6467.08,substation,,2016Q1,offshore wind farm substation
15518,-2.934952,58.111443,-250.551,6468.966,substation,,2023Q4,offshore wind farm substation
15520,-3.113001,58.062151,-265.751,6463.479,substation,,2018Q4,offshore wind farm substation
15543,-1.759161,56.585299,-150.176,6299.075,substation,,2019Q3,offshore wind farm substation
15546,2.069429,54.807554,176.663,6101.177,substation,,2023Q2,offshore wind farm substation
15556,1.98006,54.702793,169.034,6089.515,substation,,2023Q3,offshore wind farm substation
15563,2.009103,54.682102,171.513,6087.212,substation,,2023Q2,offshore wind farm substation
15566,1.959298,54.688183,167.261,6087.889,substation,,2023Q2,offshore wind farm substation
15602,-71.258686,41.157413,-6083.21,4581.643,substation,,2024Q2,offshore wind farm substation
15603,-71.236805,41.157785,-6081.342,4581.685,substation,,2024Q3,offshore wind farm substation
